"","State","Year","Political_Party","New_Policies","Renewable_Percent"
"1","AK",2000,"Democrat",2,1
"2","AK",2001,"Democrat",0,1
"3","AK",2002,"Republican (2nd Gov. mid-year)",0,1
"4","AK",2003,"Republican",0,1
"5","AK",2004,"Republican",0,1
"6","AK",2005,"Republican",1,1
"7","AK",2006,"Republican",3,1
"8","AK",2007,"Republican",0,1
"9","AK",2008,"Republican",1,1
"10","AK",2009,"Republican",1,1
"11","AK",2010,"Republican",2,1
"12","AK",2011,"Republican",1,1
"13","AK",2012,"Republican",0,1
"14","AK",2013,"Republican",0,2
"15","AK",2014,"Independent (2nd Gov. mid-year)",1,2
"16","AK",2015,"Independent",0,2
"17","AK",2016,"Independent",0,2
"18","AK",2017,"Independent",0,2
"19","AK",2018,"Independent",0,2
"20","AL",2000,"Democrat",1,11
"21","AL",2001,"Democrat",0,10
"22","AL",2002,"Democrat",0,10
"23","AL",2003,"Republican (2nd Gov. mid-year)",0,11
"24","AL",2004,"Republican",0,11
"25","AL",2005,"Republican",0,11
"26","AL",2006,"Republican",5,11
"27","AL",2007,"Republican",0,10
"28","AL",2008,"Republican",0,10
"29","AL",2009,"Republican",0,11
"30","AL",2010,"Republican",0,11
"31","AL",2011,"Republican",0,12
"32","AL",2012,"Republican",0,12
"33","AL",2013,"Republican",0,14
"34","AL",2014,"Republican",0,12
"35","AL",2015,"Republican",2,12
"36","AL",2016,"Republican",2,11
"37","AL",2017,"Republican",0,12
"38","AR",2000,"Republican",0,8
"39","AR",2001,"Republican",1,7
"40","AR",2002,"Republican",1,8
"41","AR",2003,"Republican",0,8
"42","AR",2004,"Republican",0,8
"43","AR",2005,"Republican",0,8
"44","AR",2006,"Republican",3,8
"45","AR",2007,"Democrat (2nd Gov. mid-year)",0,9
"46","AR",2008,"Democrat",0,9
"47","AR",2009,"Democrat",7,10
"48","AR",2010,"Democrat",3,10
"49","AR",2011,"Democrat",1,10
"50","AR",2012,"Democrat",0,10
"51","AR",2013,"Democrat",1,11
"52","AR",2014,"Democrat",2,10
"53","AR",2015,"Republican (2nd Gov. mid-year)",2,10
"54","AR",2016,"Republican",0,10
"55","AR",2017,"Republican",0,10
"56","AR",2018,"Republican",0,10
"57","AR",2019,"Republican",0,10
"58","AR",2020,"Republican",0,9
"59","AR",2021,"Republican",1,8
"60","AR",2022,"Republican",0,9
"61","AR",2023,"Republican",2,8
"62","AZ",2000,"Republican",7,4
"63","AZ",2001,"Republican",1,3
"64","AZ",2002,"Republican",1,3
"65","AZ",2003,"Democrat (2nd Gov. mid-year)",1,3
"66","AZ",2004,"Democrat (2nd Gov. mid-year)",1,3
"67","AZ",2005,"Democrat (2nd Gov. mid-year)",1,4
"68","AZ",2006,"Republican (2nd Gov. mid-year)",4,4
"69","AZ",2007,"Republican (2nd Gov. mid-year)",4,4
"70","AZ",2008,"Republican (2nd Gov. mid-year)",6,5
"71","AZ",2009,"Republican (2nd Gov. mid-year)",4,4
"72","AZ",2010,"Republican",7,4
"73","AZ",2011,"Republican",4,5
"74","AZ",2012,"Republican",0,4
"75","AZ",2013,"Republican",0,4
"76","AZ",2014,"Republican",1,5
"77","AZ",2015,"Republican",0,6
"78","AZ",2016,"Republican",2,6
"79","AZ",2017,"Republican",0,6
"80","AZ",2018,"Republican",0,6
"81","AZ",2019,"Republican",0,6
"82","AZ",2020,"Republican",0,6
"83","AZ",2021,"Republican",4,7
"84","AZ",2022,"Republican",0,7
"85","AZ",2023,"Republican",0,7
"86","CA",2000,"Democrat",11,5
"87","CA",2001,"Democrat",2,4
"88","CA",2002,"Democrat",1,5
"89","CA",2003,"Republican (2nd Gov. mid-year)",0,5
"90","CA",2004,"Republican",8,5
"91","CA",2005,"Republican",0,6
"92","CA",2006,"Republican",49,6
"93","CA",2007,"Republican",0,5
"94","CA",2008,"Republican",1,5
"95","CA",2009,"Republican",7,6
"96","CA",2010,"Republican",4,7
"97","CA",2011,"Democrat (2nd Gov. mid-year)",13,8
"98","CA",2012,"Democrat",7,7
"99","CA",2013,"Democrat",0,8
"100","CA",2014,"Democrat",4,8
"101","CA",2015,"Democrat",3,8
"102","CA",2016,"Democrat",9,9
"103","CA",2017,"Democrat",0,10
"104","CA",2018,"Democrat",1,9
"105","CA",2019,"Democrat",5,11
"106","CO",2000,"Republican",2,2
"107","CO",2001,"Republican",3,1
"108","CO",2002,"Republican",0,1
"109","CO",2003,"Republican",0,1
"110","CO",2004,"Republican",0,1
"111","CO",2005,"Republican",2,1
"112","CO",2006,"Republican",20,2
"113","CO",2007,"Democrat (2nd Gov. mid-year)",5,2
"114","CO",2008,"Democrat",6,3
"115","CO",2009,"Democrat",6,3
"116","CO",2010,"Democrat",10,3
"117","CO",2011,"Democrat",3,4
"118","CO",2012,"Democrat",3,4
"119","CO",2013,"Democrat",0,5
"120","CO",2014,"Democrat",5,5
"121","CO",2015,"Democrat",0,5
"122","CO",2016,"Democrat",0,6
"123","CO",2017,"Democrat",0,6
"124","CO",2018,"Democrat",2,6
"125","CO",2019,"Democrat",4,7
"126","CT",2000,"Republican",3,6
"127","CT",2001,"Republican",0,3
"128","CT",2002,"Republican",0,3
"129","CT",2003,"Republican",0,3
"130","CT",2004,"Republican",3,4
"131","CT",2005,"Republican",0,3
"132","CT",2006,"Republican",7,4
"133","CT",2007,"Republican",4,4
"134","CT",2008,"Republican",1,4
"135","CT",2009,"Republican",0,5
"136","CT",2010,"Republican",3,5
"137","CT",2011,"Democrat (2nd Gov. mid-year)",2,5
"138","CT",2012,"Democrat",1,5
"139","CT",2013,"Democrat",0,5
"140","CT",2014,"Democrat",0,6
"141","CT",2015,"Democrat",6,6
"142","CT",2016,"Democrat",0,7
"143","CT",2017,"Democrat",0,6
"144","CT",2018,"Democrat",0,6
"145","CT",2019,"Democrat",0,6
"146","DE",2000,"Democrat",2,1
"147","DE",2001,"Democrat",2,0
"148","DE",2002,"Democrat",1,0
"149","DE",2003,"Democrat",0,0
"150","DE",2004,"Democrat",0,1
"151","DE",2005,"Democrat",1,1
"152","DE",2006,"Democrat",2,1
"153","DE",2007,"Democrat",5,2
"154","DE",2008,"Democrat",0,2
"155","DE",2009,"Democrat",2,3
"156","DE",2010,"Democrat",1,3
"157","DE",2011,"Democrat",0,3
"158","DE",2012,"Democrat",0,2
"159","DE",2013,"Democrat",0,3
"160","DE",2014,"Democrat",2,3
"161","DE",2015,"Democrat",4,2
"162","DE",2016,"Democrat",0,2
"163","DE",2017,"Democrat (2nd Gov. mid-year)",0,3
"164","DE",2018,"Democrat",0,2
"165","DE",2019,"Democrat",0,3
"166","DE",2020,"Democrat",0,3
"167","DE",2021,"Democrat",3,3
"168","DE",2022,"Democrat",3,3
"169","DE",2023,"Democrat",2,3
"170","FL",2000,"Republican",5,5
"171","FL",2001,"Republican",2,4
"172","FL",2002,"Republican",0,4
"173","FL",2003,"Republican",1,4
"174","FL",2004,"Republican",0,4
"175","FL",2005,"Republican",0,4
"176","FL",2006,"Republican",8,4
"177","FL",2007,"Republican",3,5
"178","FL",2008,"Republican",9,6
"179","FL",2009,"Republican",11,7
"180","FL",2010,"Republican",5,7
"181","FL",2011,"Republican",5,7
"182","FL",2012,"Republican",3,7
"183","FL",2013,"Republican",3,7
"184","FL",2014,"Republican",0,7
"185","FL",2015,"Republican",1,7
"186","FL",2016,"Republican",6,7
"187","FL",2017,"Republican",0,7
"188","FL",2018,"Republican",1,7
"189","FL",2019,"Republican",0,7
"190","GA",2000,"Democrat",1,7
"191","GA",2001,"Democrat",1,6
"192","GA",2002,"Democrat",0,9
"193","GA",2003,"Republican (2nd Gov. mid-year)",2,7
"194","GA",2004,"Republican",0,7
"195","GA",2005,"Republican",0,6
"196","GA",2006,"Republican",12,6
"197","GA",2007,"Republican",0,6
"198","GA",2008,"Republican",3,6
"199","GA",2009,"Republican",1,7
"200","GA",2010,"Republican",1,7
"201","GA",2011,"Republican",1,8
"202","GA",2012,"Republican",1,8
"203","GA",2013,"Republican",0,9
"204","GA",2014,"Republican",0,10
"205","GA",2015,"Republican",1,10
"206","GA",2016,"Republican",0,9
"207","GA",2017,"Republican",0,9
"208","GA",2018,"Republican",1,9
"209","GA",2019,"Republican",0,10
"210","HI",2000,"Democrat",5,7
"211","HI",2001,"Democrat",4,4
"212","HI",2002,"Republican (2nd Gov. mid-year)",0,3
"213","HI",2003,"Republican",2,4
"214","HI",2004,"Republican",0,4
"215","HI",2005,"Republican",0,4
"216","HI",2006,"Republican",5,4
"217","HI",2007,"Republican",0,4
"218","HI",2008,"Republican",3,6
"219","HI",2009,"Republican",2,6
"220","HI",2010,"Democrat (2nd Gov. mid-year)",2,5
"221","HI",2011,"Democrat",1,5
"222","HI",2012,"Democrat",1,5
"223","HI",2013,"Democrat",1,6
"224","HI",2014,"Democrat (2nd Gov. mid-year)",0,6
"225","HI",2015,"Democrat",0,7
"226","HI",2016,"Democrat",0,7
"227","HI",2017,"Democrat",0,6
"228","HI",2018,"Democrat",0,6
"229","HI",2019,"Democrat",0,6
"230","HI",2020,"Democrat",0,8
"231","HI",2021,"Democrat",2,8
"232","HI",2022,"Democrat",1,8
"233","IA",2000,"Democrat",7,6
"234","IA",2001,"Democrat",1,6
"235","IA",2002,"Democrat",0,6
"236","IA",2003,"Democrat",2,7
"237","IA",2004,"Democrat",0,8
"238","IA",2005,"Democrat",1,9
"239","IA",2006,"Democrat",6,10
"240","IA",2007,"Democrat",1,11
"241","IA",2008,"Democrat",5,13
"242","IA",2009,"Democrat",6,17
"243","IA",2010,"Democrat",5,19
"244","IA",2011,"Republican (2nd Gov. mid-year)",1,19
"245","IA",2012,"Republican",3,21
"246","IA",2013,"Republican",1,20
"247","IA",2014,"Republican",0,21
"248","IA",2015,"Republican",0,23
"249","IA",2016,"Republican",0,23
"250","IA",2017,"Republican",0,24
"251","ID",2000,"Republican",4,14
"252","ID",2001,"Republican",0,12
"253","ID",2002,"Republican",0,12
"254","ID",2003,"Republican",1,13
"255","ID",2004,"Republican",0,13
"256","ID",2005,"Republican",2,15
"257","ID",2006,"Republican",6,16
"258","ID",2007,"Republican",7,14
"259","ID",2008,"Republican",1,15
"260","ID",2009,"Republican",1,16
"261","ID",2010,"Republican",3,16
"262","ID",2011,"Republican",0,20
"263","ID",2012,"Republican",0,18
"264","ID",2013,"Republican",0,16
"265","ID",2014,"Republican",0,19
"266","ID",2015,"Republican",0,19
"267","ID",2016,"Republican",0,18
"268","ID",2017,"Republican",0,20
"269","ID",2018,"Republican",0,21
"270","ID",2019,"Republican",1,20
"271","IL",2000,"Republican",5,2
"272","IL",2001,"Republican",3,3
"273","IL",2002,"Republican",0,3
"274","IL",2003,"Democrat (2nd Gov. mid-year)",0,3
"275","IL",2004,"Democrat",0,3
"276","IL",2005,"Democrat",0,3
"277","IL",2006,"Democrat",5,3
"278","IL",2007,"Democrat",7,3
"279","IL",2008,"Democrat",9,4
"280","IL",2009,"Democrat",12,4
"281","IL",2010,"Democrat",7,5
"282","IL",2011,"Democrat",3,5
"283","IL",2012,"Democrat",3,5
"284","IL",2013,"Democrat",0,5
"285","IL",2014,"Democrat",0,5
"286","IL",2015,"Republican (2nd Gov. mid-year)",0,5
"287","IL",2016,"Republican",1,5
"288","IL",2017,"Republican",0,5
"289","IL",2018,"Republican",0,5
"290","IL",2019,"Republican",0,5
"291","IN",2000,"Democrat",2,2
"292","IN",2001,"Democrat",0,2
"293","IN",2002,"Democrat",0,2
"294","IN",2003,"Democrat",0,2
"295","IN",2004,"Democrat",1,2
"296","IN",2005,"Republican (2nd Gov. mid-year)",1,2
"297","IN",2006,"Republican",4,2
"298","IN",2007,"Republican",18,2
"299","IN",2008,"Republican",7,3
"300","IN",2009,"Republican",2,4
"301","IN",2010,"Republican",4,4
"302","IN",2011,"Republican",5,5
"303","IN",2012,"Republican",3,4
"304","IN",2013,"Republican",1,5
"305","IN",2014,"Republican",0,5
"306","IN",2015,"Republican",4,5
"307","IN",2016,"Republican",0,6
"308","IN",2017,"Republican",0,6
"309","IN",2018,"Republican",0,6
"310","IN",2019,"Republican",0,5
"311","IN",2020,"Republican",1,6
"312","IN",2021,"Republican",3,6
"313","IN",2022,"Republican",0,7
"314","IN",2023,"Republican",2,7
"315","KS",2000,"Republican",2,1
"316","KS",2001,"Republican",0,1
"317","KS",2002,"Republican",0,1
"318","KS",2003,"Democrat (2nd Gov. mid-year)",0,2
"319","KS",2004,"Democrat",0,2
"320","KS",2005,"Democrat",0,2
"321","KS",2006,"Democrat",1,2
"322","KS",2007,"Democrat",0,2
"323","KS",2008,"Democrat",2,4
"324","KS",2009,"Democrat",4,4
"325","KS",2010,"Democrat",0,5
"326","KS",2011,"Republican (2nd Gov. mid-year)",0,5
"327","KS",2012,"Republican",0,6
"328","KS",2013,"Republican",0,7
"329","KS",2014,"Republican",2,8
"330","KS",2015,"Republican",0,8
"331","KS",2016,"Republican",1,9
"332","KS",2017,"Republican",0,11
"333","KS",2018,"Republican",0,11
"334","KS",2019,"Republican",0,12
"335","KY",2000,"Democrat",1,1
"336","KY",2001,"Democrat",0,1
"337","KY",2002,"Democrat",0,2
"338","KY",2003,"Republican (2nd Gov. mid-year)",0,2
"339","KY",2004,"Republican",1,2
"340","KY",2005,"Republican",0,3
"341","KY",2006,"Republican",8,3
"342","KY",2007,"Democrat (2nd Gov. mid-year)",2,3
"343","KY",2008,"Democrat",1,3
"344","KY",2009,"Democrat",4,3
"345","KY",2010,"Democrat",4,3
"346","KY",2011,"Democrat",0,4
"347","KY",2012,"Democrat",0,3
"348","KY",2013,"Democrat",0,4
"349","KY",2014,"Democrat",0,4
"350","KY",2015,"Republican (2nd Gov. mid-year)",2,4
"351","KY",2016,"Republican",1,4
"352","KY",2017,"Republican",0,5
"353","KY",2018,"Republican",0,5
"354","KY",2019,"Republican",0,5
"355","LA",2000,"Republican",0,3
"356","LA",2001,"Republican",0,3
"357","LA",2002,"Republican",0,3
"358","LA",2003,"Republican",2,4
"359","LA",2004,"Democrat (2nd Gov. mid-year)",1,5
"360","LA",2005,"Democrat",0,4
"361","LA",2006,"Democrat",1,4
"362","LA",2007,"Democrat",2,3
"363","LA",2008,"Republican (2nd Gov. mid-year)",0,3
"364","LA",2009,"Republican",2,3
"365","LA",2010,"Republican",2,3
"366","LA",2011,"Republican",0,3
"367","LA",2012,"Republican",0,3
"368","LA",2013,"Republican",0,4
"369","LA",2014,"Republican",0,4
"370","LA",2015,"Republican",5,4
"371","LA",2016,"Democrat (2nd Gov. mid-year)",1,4
"372","LA",2017,"Democrat",0,4
"373","LA",2018,"Democrat",0,4
"374","LA",2019,"Democrat",0,3
"375","LA",2020,"Democrat",0,3
"376","LA",2021,"Democrat",1,3
"377","LA",2022,"Democrat",1,3
"378","LA",2023,"Democrat",2,3
"379","MA",2000,"Republican",10,4
"380","MA",2001,"Republican",0,3
"381","MA",2002,"Republican",0,3
"382","MA",2003,"Republican",1,3
"383","MA",2004,"Republican",0,3
"384","MA",2005,"Republican",0,3
"385","MA",2006,"Republican",19,4
"386","MA",2007,"Democrat (2nd Gov. mid-year)",3,4
"387","MA",2008,"Democrat",0,4
"388","MA",2009,"Democrat",5,5
"389","MA",2010,"Democrat",5,5
"390","MA",2011,"Democrat",4,5
"391","MA",2012,"Democrat",1,5
"392","MA",2013,"Democrat",0,5
"393","MA",2014,"Democrat",0,5
"394","MA",2015,"Republican (2nd Gov. mid-year)",2,5
"395","MA",2016,"Republican",1,5
"396","MA",2017,"Republican",1,5
"397","MA",2018,"Republican",0,5
"398","MA",2019,"Republican",1,5
"399","MA",2020,"Republican",1,6
"400","MA",2021,"Republican",11,6
"401","MA",2022,"Republican",2,6
"402","MA",2023,"Republican",7,6
"403","MD",2000,"Democrat",5,3
"404","MD",2001,"Democrat",2,2
"405","MD",2002,"Democrat",1,2
"406","MD",2003,"Republican (2nd Gov. mid-year)",0,2
"407","MD",2004,"Republican",1,2
"408","MD",2005,"Republican",1,2
"409","MD",2006,"Republican",4,3
"410","MD",2007,"Democrat (2nd Gov. mid-year)",2,3
"411","MD",2008,"Democrat",5,3
"412","MD",2009,"Democrat",12,4
"413","MD",2010,"Democrat",6,4
"414","MD",2011,"Democrat",4,5
"415","MD",2012,"Democrat",2,4
"416","MD",2013,"Democrat",0,5
"417","MD",2014,"Democrat",1,5
"418","MD",2015,"Republican (2nd Gov. mid-year)",7,4
"419","MD",2016,"Republican",0,4
"420","MD",2017,"Republican",1,5
"421","MD",2018,"Republican",0,5
"422","MD",2019,"Republican",1,4
"423","MD",2020,"Republican",1,4
"424","MD",2021,"Republican",8,4
"425","MD",2022,"Republican",0,4
"426","MD",2023,"Republican",1,5
"427","ME",2000,"Independent",3,31
"428","ME",2001,"Independent",0,31
"429","ME",2002,"Independent",0,29
"430","ME",2003,"Democrat (2nd Gov. mid-year)",1,27
"431","ME",2004,"Democrat",0,27
"432","ME",2005,"Democrat",1,31
"433","ME",2006,"Democrat",3,31
"434","ME",2007,"Democrat",0,31
"435","ME",2008,"Democrat",0,37
"436","ME",2009,"Democrat",3,32
"437","ME",2010,"Democrat",1,35
"438","ME",2011,"Republican (2nd Gov. mid-year)",1,35
"439","ME",2012,"Republican",1,36
"440","ME",2013,"Republican",1,36
"441","ME",2014,"Republican",0,35
"442","ME",2015,"Republican",0,35
"443","ME",2016,"Republican",0,33
"444","ME",2017,"Republican",0,34
"445","ME",2018,"Republican",1,34
"446","ME",2019,"Republican",0,34
"447","MI",2000,"Republican",1,3
"448","MI",2001,"Republican",1,3
"449","MI",2002,"Republican",0,3
"450","MI",2003,"Democrat (2nd Gov. mid-year)",1,3
"451","MI",2004,"Democrat",1,3
"452","MI",2005,"Democrat",0,4
"453","MI",2006,"Democrat",5,4
"454","MI",2007,"Democrat",2,4
"455","MI",2008,"Democrat",1,5
"456","MI",2009,"Democrat",10,5
"457","MI",2010,"Democrat",11,5
"458","MI",2011,"Republican (2nd Gov. mid-year)",2,6
"459","MI",2012,"Republican",0,6
"460","MI",2013,"Republican",0,6
"461","MI",2014,"Republican",1,7
"462","MI",2015,"Republican",1,7
"463","MI",2016,"Republican",0,7
"464","MI",2017,"Republican",0,7
"465","MI",2018,"Republican",0,7
"466","MI",2019,"Republican",0,7
"467","MN",2000,"Minnesota Independence Party",8,5
"468","MN",2001,"Minnesota Independence Party",3,6
"469","MN",2002,"Minnesota Independence Party",0,5
"470","MN",2003,"Republican (2nd Gov. mid-year)",1,5
"471","MN",2004,"Republican",1,6
"472","MN",2005,"Republican",2,6
"473","MN",2006,"Republican",33,6
"474","MN",2007,"Republican",33,7
"475","MN",2008,"Republican",2,8
"476","MN",2009,"Republican",15,10
"477","MN",2010,"Republican",3,10
"478","MN",2011,"Democratic-Farmer-Labor (2nd Gov. mid-year)",5,11
"479","MN",2012,"Democratic-Farmer-Labor",1,11
"480","MN",2013,"Democratic-Farmer-Labor",1,11
"481","MN",2014,"Democratic-Farmer-Labor",2,11
"482","MN",2015,"Democratic-Farmer-Labor",3,12
"483","MN",2016,"Democratic-Farmer-Labor",1,12
"484","MN",2017,"Democratic-Farmer-Labor",0,12
"485","MN",2018,"Democratic-Farmer-Labor",0,12
"486","MN",2019,"Democratic-Farmer-Labor",3,12
"487","MO",2000,"Democrat",3,1
"488","MO",2001,"Democrat",0,1
"489","MO",2002,"Democrat",0,2
"490","MO",2003,"Democrat",1,2
"491","MO",2004,"Democrat",1,2
"492","MO",2005,"Republican (2nd Gov. mid-year)",0,2
"493","MO",2006,"Republican",7,2
"494","MO",2007,"Republican",7,3
"495","MO",2008,"Republican",8,4
"496","MO",2009,"Democrat (2nd Gov. mid-year)",3,4
"497","MO",2010,"Democrat",9,4
"498","MO",2011,"Democrat",0,4
"499","MO",2012,"Democrat",1,4
"500","MO",2013,"Democrat",1,5
"501","MO",2014,"Democrat",5,5
"502","MO",2015,"Democrat",0,4
"503","MO",2016,"Democrat",4,4
"504","MO",2017,"Republican (2nd Gov. mid-year)",0,5
"505","MO",2018,"Republican",2,5
"506","MO",2019,"Republican",0,5
"507","MO",2020,"Republican",0,5
"508","MO",2021,"Republican",2,5
"509","MO",2022,"Republican",0,6
"510","MO",2023,"Republican",0,5
"511","MS",2000,"Democrat (2nd Gov. mid-year)",1,6
"512","MS",2001,"Democrat",0,5
"513","MS",2002,"Democrat",0,4
"514","MS",2003,"Democrat",0,4
"515","MS",2004,"Republican (2nd Gov. mid-year)",0,5
"516","MS",2005,"Republican",0,5
"517","MS",2006,"Republican",4,5
"518","MS",2007,"Republican",0,5
"519","MS",2008,"Republican",1,4
"520","MS",2009,"Republican",0,5
"521","MS",2010,"Republican",2,6
"522","MS",2011,"Republican",0,7
"523","MS",2012,"Republican",0,8
"524","MS",2013,"Republican",0,7
"525","MS",2014,"Republican",1,7
"526","MS",2015,"Republican",4,7
"527","MS",2016,"Republican",0,7
"528","MS",2017,"Republican",2,7
"529","MS",2018,"Republican",0,6
"530","MS",2019,"Republican",0,6
"531","MS",2020,"Republican",1,6
"532","MT",2000,"Republican",3,13
"533","MT",2001,"Republican",2,10
"534","MT",2002,"Republican",1,13
"535","MT",2003,"Republican",4,12
"536","MT",2004,"Republican",0,12
"537","MT",2005,"Democrat (2nd Gov. mid-year)",2,13
"538","MT",2006,"Democrat",7,13
"539","MT",2007,"Democrat",2,13
"540","MT",2008,"Democrat",0,14
"541","MT",2009,"Democrat",1,13
"542","MT",2010,"Democrat",2,14
"543","MT",2011,"Democrat",0,15
"544","MT",2012,"Democrat",0,14
"545","MT",2013,"Democrat",0,13
"546","MT",2014,"Democrat",0,15
"547","MT",2015,"Democrat",0,16
"548","MT",2016,"Democrat",0,17
"549","MT",2017,"Democrat",0,17
"550","MT",2018,"Democrat",0,18
"551","MT",2019,"Democrat",0,16
"552","MT",2020,"Democrat",0,16
"553","MT",2021,"Democrat",0,15
"554","NC",2000,"Democrat",2,5
"555","NC",2001,"Democrat",0,5
"556","NC",2002,"Democrat",0,4
"557","NC",2003,"Democrat",0,6
"558","NC",2004,"Democrat",1,4
"559","NC",2005,"Democrat",2,4
"560","NC",2006,"Democrat",8,4
"561","NC",2007,"Democrat",7,4
"562","NC",2008,"Democrat",4,6
"563","NC",2009,"Democrat",14,6
"564","NC",2010,"Democrat",5,6
"565","NC",2011,"Democrat",2,6
"566","NC",2012,"Democrat",2,7
"567","NC",2013,"Republican (2nd Gov. mid-year)",1,7
"568","NC",2014,"Republican",1,7
"569","NC",2015,"Republican",2,7
"570","NC",2016,"Republican",0,7
"571","NC",2017,"Democrat",0,7
"572","NC",2018,"Democrat",0,8
"573","NC",2019,"Democrat",2,8
"574","NC",2020,"Democrat",1,9
"575","NC",2021,"Democrat",2,8
"576","NC",2022,"Democrat",2,8
"577","NC",2023,"Democrat",1,8
"578","ND",2000,"Republican",3,3
"579","ND",2001,"Republican",0,3
"580","ND",2002,"Republican",0,3
"581","ND",2003,"Republican",0,3
"582","ND",2004,"Republican",0,3
"583","ND",2005,"Republican",0,3
"584","ND",2006,"Republican",2,3
"585","ND",2007,"Republican",2,5
"586","ND",2008,"Republican",1,6
"587","ND",2009,"Republican",0,8
"588","ND",2010,"Republican",0,10
"589","ND",2011,"Republican",3,10
"590","ND",2012,"Republican",2,10
"591","ND",2013,"Republican",0,9
"592","ND",2014,"Republican",0,9
"593","ND",2015,"Republican",0,10
"594","ND",2016,"Republican",0,12
"595","ND",2017,"Republican",0,14
"596","ND",2018,"Republican",0,13
"597","ND",2019,"Republican",0,13
"598","ND",2020,"Republican",0,14
"599","ND",2021,"Republican",0,14
"600","ND",2022,"Republican",0,14
"601","ND",2023,"Republican",1,13
"602","NE",2000,"Republican",2,5
"603","NE",2001,"Republican",0,5
"604","NE",2002,"Republican",0,5
"605","NE",2003,"Republican",0,6
"606","NE",2004,"Republican",0,7
"607","NE",2005,"Republican",0,6
"608","NE",2006,"Republican",1,7
"609","NE",2007,"Republican",1,8
"610","NE",2008,"Republican",0,10
"611","NE",2009,"Republican",6,11
"612","NE",2010,"Republican",1,14
"613","NE",2011,"Republican",1,15
"614","NE",2012,"Republican",0,14
"615","NE",2013,"Republican",1,14
"616","NE",2014,"Republican",0,15
"617","NE",2015,"Republican",0,16
"618","NE",2016,"Republican",2,17
"619","NE",2017,"Republican",0,18
"620","NE",2018,"Republican",1,17
"621","NE",2019,"Republican",0,18
"622","NE",2020,"Republican",0,18
"623","NE",2021,"Republican",1,19
"624","NE",2022,"Republican",1,20
"625","NE",2023,"Republican",0,20
"626","NH",2000,"Democrat",3,10
"627","NH",2001,"Democrat",0,8
"628","NH",2002,"Democrat",1,7
"629","NH",2003,"Republican (2nd Gov. mid-year)",0,7
"630","NH",2004,"Republican",0,8
"631","NH",2005,"Democrat (2nd Gov. mid-year)",0,10
"632","NH",2006,"Democrat",13,9
"633","NH",2007,"Democrat",3,10
"634","NH",2008,"Democrat",0,11
"635","NH",2009,"Democrat",1,13
"636","NH",2010,"Democrat",4,14
"637","NH",2011,"Democrat",1,14
"638","NH",2012,"Democrat",0,15
"639","NH",2013,"Democrat",0,16
"640","NH",2014,"Democrat",0,16
"641","NH",2015,"Democrat",1,18
"642","NH",2016,"Democrat",1,17
"643","NH",2017,"Republican (2nd Gov. mid-year)",0,18
"644","NH",2018,"Republican",0,16
"645","NH",2019,"Republican",1,16
"646","NH",2020,"Republican",0,13
"647","NH",2021,"Republican",1,13
"648","NH",2022,"Republican",2,13
"649","NH",2023,"Republican",8,13
"650","NJ",2000,"Republican",3,2
"651","NJ",2001,"Republican",2,1
"652","NJ",2002,"Democrat (2nd Gov. mid-year)",0,1
"653","NJ",2003,"Democrat",1,1
"654","NJ",2004,"Democrat",0,1
"655","NJ",2006,"Democrat",5,2
"656","NJ",2007,"Democrat",2,2
"657","NJ",2008,"Democrat",3,2
"658","NJ",2009,"Democrat",4,3
"659","NJ",2010,"Republican (2nd Gov. mid-year)",4,3
"660","NJ",2011,"Republican",1,3
"661","NJ",2012,"Republican",2,3
"662","NJ",2013,"Republican",0,4
"663","NJ",2014,"Republican",2,4
"664","NJ",2015,"Republican",2,3
"665","NJ",2016,"Republican",0,3
"666","NJ",2017,"Republican",0,3
"667","NJ",2018,"Republican",1,3
"668","NM",2000,"Republican",2,1
"669","NM",2001,"Republican",0,1
"670","NM",2002,"Republican",1,1
"671","NM",2003,"Democrat (2nd Gov. mid-year)",1,1
"672","NM",2004,"Democrat",0,1
"673","NM",2005,"Democrat",2,3
"674","NM",2006,"Democrat",2,3
"675","NM",2007,"Democrat",3,3
"676","NM",2008,"Democrat",3,4
"677","NM",2009,"Democrat",3,3
"678","NM",2010,"Democrat",6,4
"679","NM",2011,"Republican (2nd Gov. mid-year)",2,4
"680","NM",2012,"Republican",2,4
"681","NM",2013,"Republican",0,4
"682","NM",2014,"Republican",2,4
"683","NM",2015,"Republican",0,5
"684","NM",2016,"Republican",1,6
"685","NM",2017,"Republican",1,6
"686","NM",2018,"Republican",0,8
"687","NM",2019,"Republican",0,8
"688","NV",2000,"Republican",7,4
"689","NV",2001,"Republican",0,3
"690","NV",2002,"Republican",0,3
"691","NV",2003,"Republican",2,3
"692","NV",2004,"Republican",0,3
"693","NV",2005,"Republican",0,3
"694","NV",2006,"Republican",2,3
"695","NV",2007,"Republican",4,3
"696","NV",2008,"Republican",1,3
"697","NV",2009,"Republican",3,4
"698","NV",2010,"Republican",2,4
"699","NV",2011,"Republican",1,4
"700","NV",2012,"Republican",0,5
"701","NV",2013,"Republican",0,5
"702","NV",2014,"Republican",0,5
"703","NV",2015,"Republican",0,6
"704","NV",2016,"Republican",0,7
"705","NV",2017,"Republican",0,7
"706","NV",2018,"Republican",0,8
"707","NV",2019,"Democrat (2nd Gov. mid-year)",0,8
"708","NV",2020,"Democrat",1,9
"709","NV",2021,"Democrat",0,9
"710","NV",2022,"Democrat",0,10
"711","NV",2023,"Democrat",0,11
"712","NY",2000,"Republican",4,7
"713","NY",2001,"Republican",2,5
"714","NY",2002,"Republican",1,5
"715","NY",2003,"Republican",1,5
"716","NY",2004,"Republican",0,5
"717","NY",2005,"Republican",1,5
"718","NY",2006,"Republican",6,6
"719","NY",2007,"Democrat (2nd Gov. mid-year)",3,6
"720","NY",2008,"Democrat",5,7
"721","NY",2009,"Democrat",17,6
"722","NY",2010,"Democrat",9,6
"723","NY",2011,"Democrat",5,7
"724","NY",2012,"Democrat",1,7
"725","NY",2013,"Democrat",1,7
"726","NY",2014,"Democrat",3,7
"727","NY",2015,"Democrat",0,7
"728","NY",2016,"Democrat",2,8
"729","NY",2017,"Democrat",3,8
"730","NY",2018,"Democrat",0,8
"731","NY",2019,"Democrat",3,8
"732","NY",2020,"Democrat",1,8
"733","NY",2021,"Democrat",14,8
"734","OH",2000,"Republican",5,2
"735","OH",2001,"Republican",1,2
"736","OH",2002,"Republican",0,1
"737","OH",2003,"Republican",1,2
"738","OH",2004,"Republican",0,2
"739","OH",2005,"Republican",0,2
"740","OH",2006,"Republican",2,2
"741","OH",2007,"Democrat (2nd Gov. mid-year)",2,2
"742","OH",2008,"Democrat",4,3
"743","OH",2009,"Democrat",6,3
"744","OH",2010,"Democrat",7,3
"745","OH",2011,"Republican (2nd Gov. mid-year)",3,4
"746","OH",2012,"Republican",0,4
"747","OH",2013,"Republican",0,4
"748","OH",2014,"Republican",2,4
"749","OH",2015,"Republican",0,4
"750","OH",2016,"Republican",0,4
"751","OH",2017,"Republican",1,4
"752","OH",2018,"Republican",0,4
"753","OH",2019,"Republican",0,4
"754","OK",2000,"Republican",1,2
"755","OK",2001,"Republican",0,2
"756","OK",2002,"Republican",0,2
"757","OK",2003,"Democrat (2nd Gov. mid-year)",0,2
"758","OK",2004,"Democrat",0,3
"759","OK",2005,"Democrat",1,3
"760","OK",2006,"Democrat",2,3
"761","OK",2007,"Democrat",0,3
"762","OK",2008,"Democrat",2,3
"763","OK",2009,"Democrat",6,4
"764","OK",2010,"Democrat",3,4
"765","OK",2011,"Republican (2nd Gov. mid-year)",4,5
"766","OK",2012,"Republican",2,5
"767","OK",2013,"Republican",0,6
"768","OK",2014,"Republican",2,6
"769","OK",2015,"Republican",0,7
"770","OK",2016,"Republican",0,9
"771","OK",2017,"Republican",0,9
"772","OK",2018,"Republican",0,10
"773","OK",2019,"Republican",1,11
"774","OR",2000,"Democrat",7,20
"775","OR",2001,"Democrat",5,18
"776","OR",2002,"Democrat",2,21
"777","OR",2003,"Democrat",2,20
"778","OR",2004,"Democrat",0,21
"779","OR",2005,"Democrat",3,19
"780","OR",2006,"Democrat",19,23
"781","OR",2007,"Democrat",17,21
"782","OR",2008,"Democrat",8,22
"783","OR",2009,"Democrat",10,24
"784","OR",2010,"Democrat",1,24
"785","OR",2011,"Democrat",1,30
"786","OR",2012,"Democrat",0,31
"787","OR",2013,"Democrat",2,28
"788","OR",2014,"Democrat",0,30
"789","OR",2015,"Democrat",2,29
"790","OR",2016,"Democrat",3,30
"791","OR",2017,"Democrat",0,31
"792","OR",2018,"Democrat",0,31
"793","OR",2019,"Democrat",0,28
"794","OR",2020,"Democrat",1,30
"795","OR",2021,"Democrat",8,27
"796","OR",2022,"Democrat",2,28
"797","OR",2023,"Democrat",4,27
"798","PA",2000,"Republican",3,3
"799","PA",2001,"Republican",0,2
"800","PA",2002,"Republican",5,2
"801","PA",2003,"Democrat (2nd Gov. mid-year)",1,2
"802","PA",2004,"Democrat",2,2
"803","PA",2005,"Democrat",2,2
"804","PA",2006,"Democrat",2,3
"805","PA",2007,"Democrat",0,3
"806","PA",2008,"Democrat",2,3
"807","PA",2009,"Democrat",12,4
"808","PA",2010,"Democrat",8,4
"809","PA",2011,"Republican (2nd Gov. mid-year)",4,5
"810","PA",2012,"Republican",1,5
"811","PA",2013,"Republican",0,5
"812","PA",2014,"Republican",0,5
"813","PA",2015,"Democrat (2nd Gov. mid-year)",2,5
"814","PA",2016,"Democrat",2,5
"815","PA",2017,"Democrat",0,5
"816","PA",2018,"Democrat",0,5
"817","PA",2019,"Democrat",0,5
"818","PA",2020,"Democrat",0,5
"819","PA",2021,"Democrat",9,5
"820","PA",2022,"Democrat",2,5
"821","PA",2023,"Democrat",0,5
"822","RI",2000,"Republican",3,2
"823","RI",2001,"Republican",0,2
"824","RI",2002,"Republican",0,2
"825","RI",2003,"Republican",0,2
"826","RI",2004,"Republican",1,2
"827","RI",2005,"Republican",2,1
"828","RI",2006,"Republican",4,3
"829","RI",2007,"Republican",1,3
"830","RI",2008,"Republican",4,3
"831","RI",2009,"Republican",0,4
"832","RI",2010,"Republican",1,4
"833","RI",2011,"Democrat (2nd Gov. mid-year)",1,4
"834","RI",2012,"Democrat",0,3
"835","RI",2013,"Democrat",3,3
"836","RI",2014,"Democrat",2,4
"837","RI",2015,"Democrat",3,5
"838","RI",2016,"Democrat",1,5
"839","RI",2017,"Democrat",1,5
"840","RI",2018,"Democrat",0,5
"841","RI",2019,"Democrat",0,6
"842","RI",2020,"Democrat",0,7
"843","RI",2021,"Democrat",0,6
"844","SC",2000,"Democrat",0,5
"845","SC",2001,"Democrat",0,4
"846","SC",2002,"Democrat",0,4
"847","SC",2003,"Republican (2nd Gov. mid-year)",0,5
"848","SC",2004,"Republican",0,5
"849","SC",2005,"Republican",0,5
"850","SC",2006,"Republican",12,5
"851","SC",2007,"Republican",4,5
"852","SC",2008,"Republican",2,6
"853","SC",2009,"Republican",4,7
"854","SC",2010,"Republican",4,7
"855","SC",2011,"Republican",2,8
"856","SC",2012,"Republican",1,8
"857","SC",2013,"Republican",1,9
"858","SC",2014,"Republican",2,9
"859","SC",2015,"Republican",1,8
"860","SC",2016,"Republican",0,8
"861","SC",2017,"Republican",1,9
"862","SD",2000,"Republican",0,11
"863","SD",2001,"Republican",0,7
"864","SD",2002,"Republican",0,9
"865","SD",2003,"Republican",0,11
"866","SD",2004,"Republican",0,13
"867","SD",2005,"Republican",0,14
"868","SD",2006,"Republican",2,17
"869","SD",2007,"Republican",2,16
"870","SD",2008,"Republican",5,19
"871","SD",2009,"Republican",1,23
"872","SD",2010,"Republican",4,26
"873","SD",2011,"Republican",0,30
"874","SD",2012,"Republican",2,28
"875","SD",2013,"Republican",1,25
"876","SD",2014,"Republican",0,27
"877","SD",2015,"Republican",0,27
"878","SD",2016,"Republican",0,29
"879","SD",2017,"Republican",0,29
"880","SD",2018,"Republican",0,30
"881","SD",2019,"Republican",0,31
"882","SD",2020,"Republican",0,32
"883","SD",2021,"Republican",1,37
"884","SD",2022,"Republican",0,37
"885","SD",2023,"Republican",1,36
"886","TN",2000,"Republican",1,4
"887","TN",2001,"Republican",0,4
"888","TN",2002,"Republican",0,4
"889","TN",2003,"Democrat (2nd Gov. mid-year)",0,5
"890","TN",2004,"Democrat",0,5
"891","TN",2005,"Democrat",0,5
"892","TN",2006,"Democrat",4,4
"893","TN",2007,"Democrat",0,4
"894","TN",2008,"Democrat",1,5
"895","TN",2009,"Democrat",1,6
"896","TN",2010,"Democrat",2,6
"897","TN",2011,"Republican (2nd Gov. mid-year)",1,6
"898","TN",2012,"Republican",1,6
"899","TN",2013,"Republican",0,7
"900","TN",2014,"Republican",0,7
"901","TN",2015,"Republican",1,7
"902","TN",2016,"Republican",0,6
"903","TN",2017,"Republican",0,6
"904","TN",2018,"Republican",0,7
"905","TN",2019,"Republican",0,6
"906","TX",2000,"Republican",4,1
"907","TX",2001,"Republican",1,1
"908","TX",2002,"Republican",1,1
"909","TX",2003,"Republican",1,1
"910","TX",2004,"Republican",1,1
"911","TX",2005,"Republican",1,1
"912","TX",2006,"Republican",18,1
"913","TX",2007,"Republican",12,2
"914","TX",2008,"Republican",7,2
"915","TX",2009,"Republican",15,2
"916","TX",2010,"Republican",2,2
"917","TX",2011,"Republican",11,3
"918","TX",2012,"Republican",4,3
"919","TX",2013,"Republican",1,3
"920","TX",2014,"Republican",7,3
"921","TX",2015,"Republican",3,3
"922","UT",2000,"Republican",4,1
"923","UT",2001,"Republican",0,1
"924","UT",2002,"Republican",1,1
"925","UT",2003,"Republican",1,1
"926","UT",2004,"Republican",1,1
"927","UT",2005,"Republican",0,1
"928","UT",2006,"Republican",3,1
"929","UT",2007,"Republican",7,1
"930","UT",2008,"Republican",1,2
"931","UT",2009,"Republican",2,2
"932","UT",2010,"Republican",0,2
"933","UT",2011,"Republican",0,2
"934","UT",2012,"Republican",1,2
"935","UT",2013,"Republican",2,2
"936","UT",2014,"Republican",0,2
"937","UT",2015,"Republican",0,3
"938","UT",2016,"Republican",0,4
"939","UT",2017,"Republican",0,4
"940","UT",2018,"Republican",0,4
"941","UT",2019,"Republican",0,4
"942","UT",2020,"Republican",0,4
"943","UT",2021,"Republican",3,4
"944","VA",2000,"Democrat (2nd Gov. mid-year)",2,5
"945","VA",2001,"Democrat (2nd Gov. mid-year)",1,4
"946","VA",2002,"Democrat (2nd Gov. mid-year)",0,3
"947","VA",2003,"Democrat",1,4
"948","VA",2004,"Democrat",0,4
"949","VA",2005,"Democrat",1,5
"950","VA",2006,"Democrat",2,5
"951","VA",2007,"Democrat",3,5
"952","VA",2008,"Democrat",2,5
"953","VA",2009,"Democrat",1,6
"954","VA",2010,"Republican (2nd Gov. mid-year)",5,5
"955","VA",2011,"Republican (2nd Gov. mid-year)",4,5
"956","VA",2012,"Republican (2nd Gov. mid-year)",1,6
"957","VA",2013,"Republican (2nd Gov. mid-year)",0,6
"958","VA",2014,"Democrat (2nd Gov. mid-year)",2,7
"959","VA",2015,"Independent (2nd Gov. mid-year)",5,7
"960","VA",2016,"Independent (2nd Gov. mid-year)",3,7
"961","VA",2017,"Independent (2nd Gov. mid-year)",0,7
"962","VA",2018,"Democrat (2nd Gov. mid-year)",0,7
"963","VA",2019,"Democrat (2nd Gov. mid-year)",0,7
"964","VA",2020,"Democrat",3,7
"965","VA",2021,"Democrat",3,7
"966","VA",2022,"Democrat",3,8
"967","VT",2000,"Democrat",3,9
"968","VT",2001,"Democrat",0,8
"969","VT",2002,"Democrat",1,11
"970","VT",2003,"Republican (2nd Gov. mid-year)",0,11
"971","VT",2004,"Republican",1,9
"972","VT",2005,"Republican",1,11
"973","VT",2006,"Republican",8,12
"974","VT",2007,"Republican",1,10
"975","VT",2008,"Republican",1,14
"976","VT",2009,"Republican",5,16
"977","VT",2010,"Republican",3,17
"978","VT",2011,"Democrat (2nd Gov. mid-year)",0,16
"979","VT",2012,"Democrat",2,17
"980","VT",2013,"Democrat",0,20
"981","VT",2014,"Democrat",2,19
"982","VT",2015,"Democrat",1,24
"983","VT",2016,"Democrat",0,23
"984","VT",2017,"Democrat",0,23
"985","WA",2000,"Democrat",4,22
"986","WA",2001,"Democrat",2,17
"987","WA",2002,"Democrat",2,25
"988","WA",2003,"Democrat",0,24
"989","WA",2004,"Democrat",0,23
"990","WA",2005,"Democrat",1,22
"991","WA",2006,"Democrat",28,25
"992","WA",2007,"Democrat",7,23
"993","WA",2008,"Democrat",4,24
"994","WA",2009,"Democrat",5,24
"995","WA",2010,"Democrat",5,24
"996","WA",2011,"Democrat",2,31
"997","WA",2012,"Democrat",0,30
"998","WA",2013,"Democrat",0,27
"999","WA",2014,"Democrat",2,28
"1000","WA",2015,"Democrat",6,27
"1001","WA",2016,"Democrat",4,27
"1002","WA",2017,"Democrat",0,27
"1003","WA",2018,"Democrat",0,28
"1004","WA",2019,"Democrat",0,23
"1005","WA",2020,"Democrat",0,29
"1006","WA",2021,"Democrat",4,26
"1007","WA",2022,"Democrat",1,27
"1008","WA",2023,"Democrat",2,23
"1009","WI",2000,"Republican",8,5
"1010","WI",2001,"Republican",0,6
"1011","WI",2002,"Republican",1,5
"1012","WI",2003,"Democrat (2nd Gov. mid-year)",1,6
"1013","WI",2004,"Democrat",0,5
"1014","WI",2005,"Democrat",0,7
"1015","WI",2006,"Democrat",11,7
"1016","WI",2007,"Democrat",2,7
"1017","WI",2008,"Democrat",0,8
"1018","WI",2009,"Democrat",6,8
"1019","WI",2010,"Democrat",2,9
"1020","WI",2011,"Republican (2nd Gov. mid-year)",3,9
"1021","WI",2012,"Republican",2,9
"1022","WI",2013,"Republican",0,9
"1023","WI",2014,"Republican",0,9
"1024","WI",2015,"Republican",1,10
"1025","WI",2016,"Republican",0,10
"1026","WI",2017,"Republican",0,10
"1027","WI",2018,"Republican",0,10
"1028","WI",2019,"Republican",1,10
"1029","WV",2000,"Republican",0,1
"1030","WV",2001,"Democrat (2nd Gov. mid-year)",2,1
"1031","WV",2002,"Democrat",0,1
"1032","WV",2003,"Democrat",0,2
"1033","WV",2004,"Democrat",0,2
"1034","WV",2005,"Democrat",0,2
"1035","WV",2006,"Democrat",1,2
"1036","WV",2007,"Democrat",1,2
"1037","WV",2008,"Democrat",0,3
"1038","WV",2009,"Democrat",0,5
"1039","WV",2010,"Democrat",1,5
"1040","WV",2015,"Democrat",0,4
"1041","WV",2016,"Democrat",0,4
"1042","WV",2017,"Republican (2nd Gov. mid-year)",0,4
"1043","WV",2018,"Republican",0,4
"1044","WV",2019,"Republican",0,4
"1045","WV",2020,"Republican",0,3
"1046","WV",2021,"Republican",0,3
"1047","WV",2022,"Republican",0,3
"1048","WV",2023,"Republican",0,3
"1049","WY",2000,"Republican",0,2
"1050","WY",2001,"Republican",0,1
"1051","WY",2002,"Republican",0,1
"1052","WY",2003,"Democrat (2nd Gov. mid-year)",2,1
"1053","WY",2004,"Democrat",0,1
"1054","WY",2005,"Democrat",0,2
"1055","WY",2006,"Democrat",1,2
"1056","WY",2007,"Democrat",5,2
"1057","WY",2008,"Democrat",2,2
"1058","WY",2009,"Democrat",1,3
"1059","WY",2010,"Democrat",0,4
"1060","WY",2011,"Republican (2nd Gov. mid-year)",2,5
"1061","WY",2012,"Republican",0,4
"1062","WY",2013,"Republican",0,4
"1063","WY",2014,"Republican",0,5
"1064","WY",2015,"Republican",0,5
"1065","WY",2016,"Republican",0,6
"1066","WY",2017,"Republican",0,5
"1067","WY",2018,"Republican",0,5
"1068","WY",2019,"Republican",1,5
